,Tire,abs(slope) * 1000
0,Hoosier_16x7.5-10_R20_7,0.15527404312260337
1,Hoosier_18x6.0-10_R20_7,0.3284499291494267
