,Tire,abs(slope) * 1000
4,Hoosier_18x7.5-10_R25B_7,0.21268419918339845
2,Hoosier_18x6.0-10_R20_6_,0.2647542830575302
3,Hoosier_18x6.0-10_R20_7_,0.2867046437161197
1,Hoosier_18x6.0-10_LCO_7_,0.319281465007286
5,Hoosier_18x7.5-10_R25B_8,0.39517792043018235
0,Hoosier_18x6.0-10_LCO_6_,0.45617927166723626
