,Tire,abs(slope) * 1000
0,cornering_Hoosier_16x6.0-10_LCO_6,0.21757638275476054
1,cornering_Hoosier_16x6.0-10_LCO_7,0.3726603989121924
2,cornering_Hoosier_16x6.0-10_R20_6,0.2978672679017169
3,cornering_Hoosier_16x6.0-10_R20_7,0.32483694601143753
4,cornering_Hoosier_16x7.5-10_LCO_7,0.2599225217717849
5,cornering_Hoosier_16x7.5-10_LCO_8,0.18655594070904336
6,cornering_Hoosier_16x7.5-10_R20_7,0.18376416157183328
7,cornering_Hoosier_16x7.5-10_R20_8,0.12576617978072524
