,Tire,abs(slope) * 1000
0,Hoosier_16x6.0-10_LCO_6,0.21757638275475916
1,Hoosier_16x6.0-10_LCO_7,0.30276192227286225
2,Hoosier_16x6.0-10_R20_6,0.22490230411288265
3,Hoosier_16x6.0-10_R20_7,0.2718477246178398
4,Hoosier_16x7.5-10_LCO_7,0.2599225217717834
5,Hoosier_16x7.5-10_LCO_8,0.1606565681419114
6,Hoosier_16x7.5-10_R20_7,0.16128976674097714
7,Hoosier_16x7.5-10_R20_8,0.1519899009739865
