,Tire,abs(slope) * 1000
0,cornering_Hoosier_18x6.0-10_LCO_6,0.60516849861322
1,cornering_Hoosier_18x6.0-10_LCO_7,0.4530613469585987
2,cornering_Hoosier_18x6.0-10_R20_6,0.339540450904976
3,cornering_Hoosier_18x6.0-10_R20_7,0.3776597253468905
