,Tire,abs(slope) * 1000
0,Hoosier_18x6.0-10_LCO_6,0.45617927166723626
1,Hoosier_18x6.0-10_LCO_7,0.319281465007286
2,Hoosier_18x6.0-10_R20_6,0.2647542830575302
3,Hoosier_18x6.0-10_R20_7,0.2867046437161197
4,Hoosier_18x7.5-10_R25B_,0.21268419918339845
5,Hoosier_18x7.5-10_R25B_,0.39517792043018235
